gene_name,disease,cellular_process,pos
Rab11,AD,Endocytosis,chr15:65869491-65891989
VPS34,AD,Endocytosis,chr18:41955234-42087830
BIN1,AD,Endocytosis,chr2:127048032-127107154
CHMP2B,"FTD, ALS",Endocytosis,chr3:87227309-87255556
VPS35,"AD, PD",Retromer,chr16:46656132-46689178
BECN1,AD,Retromer,chr17:42810134-42824282
VPS13C,PD,ER-Golgi-Lysosomes trafficking,chr15:61852389-62060447
LRRK2,PD,ER-Golgi-Lysosomes trafficking,chr12:40224997-40369285
GBA1,PD,Lysosomal Processes,chr1:155234452-155241249
SNCA,PD,Lysosomal Processes,chr4:89724099-89837161
GRN,"FTD, AD",Lysosomal Processes,chr17:44345302-44353106
CHMP2B,FTD,Lysosomal Processes,chr3:87227309-87255556
PSEN1,AD,Lysosomal Processes,chr14:73136507-73223691
PSEN2,AD,Lysosomal Processes,chr1:226870616-226896098
CTSB,AD,Lysosomal Processes,chr8:11842524-11868087
ATP13A2,PD,Lysosomal Processes,chr1:16985958-17011928
SYT11,PD,Lysosomal Processes,chr1:155859567-155885199
MAPT,"AD, FTD",Lysosomal Processes,chr17:45894554-46028334
c9orf72,FTD,Lysosomal Processes,chr9:27546546-27573481
TMEM175,PD,Lysosomal Processes,chr4:932460-958656
TMEM106B,FTD,Lysosomal Processes,chr7:12211294-12243367
ATP10B,PD,Lysosomal Processes,chr5:160563120-160852211
PICALM,AD,Autophagy,chr11:85957175-86069084
BECN1,AD,Autophagy,chr17:42810134-42824282
SQSTM1,"FTD, ALS",Autophagy,chr5:179820905-179838078
TBK1,"FTD, ALS",Autophagy,chr12:64452120-64502114
OPTN,"FTD, ALS",Autophagy,chr10:13100163-13138308
PINK1,PD,Mitophagy,chr1:20633458-20651511
PRKN,PD,Mitophagy,chr6:161347417-162727766
